creator,aliases
Agos Ashford,[]
Ayame,[]
Beke Jacoba,[]
Cherry Crush,['mycherrycrush']
Chono Black,[]
chuchu,[]
Darshelle Stevens,[]
Destiny,[]
Evenink,[]
Giu Hellsing,[]
guiltydolls,[]
Gumiho,[]
Hachi小芭,[]
Hatori Sama,[]
Helly Valentine,"['HellyValentine', 'Disharmonica']"
Hendo Art,"['HendoArt', 'Sarah Hendo']"
Joanie Brosas,[]
Kassandra Leigh,[]
Kate Kuray (OnlyKateKuray),[]
Kate Sarkissian,['k8sarkissian']
Kerocchi,[]
Kitty Honey,['Kitty-Honey']
Lera Himera,"['Lera', 'Gadget Lera Himera']"
LewdoArt,[]
Mariamuller,[]
Mikomi Hokina,[]
MiMi Chan,[]
MissWarmJ,[]
Nichameleon,[]
Oichi Chan,[]
Pattie,[]
Potato Godzilla,"['Potato Nguyen', 'Ky Nguyen']"
Purple Muffinz,[]
Razor Candi,[]
RiannaCare,[]
Ryuu Lavitz,[]
Sameki,[]
Shadory,[]
Sladkoslava,[]
Sonya Vibe,[]
Sophie Katssby,[]
Sophie Valentine,[]
Susan Wayland,[]
The little Vampyr,[]
Tniwe,[]
Tokyodoll,[]
UNa Cosplayer,[]
Usatame,[]
Ushijima Iiniku,[]
Veenacos,[]
Virtual Geisha,[]
Xiaoying,[]
Zoe Volf,[]
叉子宝宝,[]
小樱,[]
小空sora,[]
少女秩序,[]
慕慕Momo,[]
樱落酱w,[]
金鱼kinngyo,"['金鱼', '花音栗子', '小金鱼', 'yui金鱼']"
Alina Latypova,[]
Alinma,"['Alin ma', 'Xenon']"
Anastasia Komori,[]
Andrasta,[]
Anna Aifert,[]
Bindi Smalls,[]
Bukkitbrown,"['Bukkit Brown', 'Bukkit Brоwn']"
Byndo Gehk,[]
C9 Sneaky,[]
Chihiro Chang,[]
Danielle Beaulieu,[]
Danielle Vedovelli,[]
Daria Hime,[]
Denialism,[]
Ely,[]
Felicia Vox,[]
Giada Robin,[]
Hinaughtya,[]
Kay Bear,[]
Kayla Erin,[]
KittyKlaw,[]
KQ-Kawaii Queentsun,[]
Kqueentsun,[]
Lilecchigirl,[]
LillybetRose,[]
Littlejem,[]
Liz Katz,[]
Luna Le Fey,[]
Lyvlas,[]
Machi馬吉,['Machi']
Meg Turney,[]
Michi Kyunn,[]
Oniksiya,[]
Pia (피아),[]
Purple Bitch,[]
Puypuy,[]
Quan冉有点饿,[]
Ri Care,[]
Ringo Mitsuki,[]
Rinnie Riot,[]
Riribonni,[]
Satanbanans,[]
Sunnyvier,[]
Taeri,[]
Vasiliel,[]
Velvet Valerina,[]
WaifuFox,[]
YuDan魚蛋,['Yudan']
Yukeshiro,[]
Yunielannister,[]
七月喵子,[]
不呆猫,"['Bu Dai Mao 不呆猫', 'Bu Dai Mao', '布呆猫']"
仙九Airi,[]
小容仔咕咕咕w,[]
小漾樣,[]
布丁大法,['布丁']
星澜是澜澜叫澜妹呀,[]
是三不是世w,"['是世不是三w', '七崽w']"
林檎蜜紀,[]
王胖胖u,[]
白烨,"['杏子', '杏子夫人', '你烨烨', '耶米西奶露']"
艶兎,[]
Alcololi,[]
AliceBong,['Alice Bong']
Amanda Welp,[]
Ana Chuu,[]
Bangni邦尼,[]
Bunny Ayumi,[]
Donna Loli,[]
Duckie,[]
eliza喵喵,[]
Elles,[]
Enji Night,[]
Gremlynne,[]
Kainosaurus,[]
Little Emo Kitten,[]
Momoko葵葵,[]
OMGCosplay,['OMG']
Sweetie Fox,[]
Tabitha Lyons,[]
Tashaleigh,[]
Tenleid,[]
Tomoyo酱,[]
Torie,[]
Yoshinobi,[]
YurikoDxD,[]
Yuzuki Miiu,[]
Zalaria,[]
まゆろん,[]
三度_69,['Sandu']
亚马逊鲶鱼,[]
倦倦喵,[]
前羽_rr,['前羽']
小完能干脆面qvq,[]
抱走莫子aa,['中岛莫之子i']
摇摇乐yoyo,[]
桜井宁宁,"['樱井宁宁', '失眠小宁', '失眠冲剂', '宁宁子同学']"
桜桃喵,[]
洛桑w伊梓,[]
瓦斯塔亚小龙虾,[]
眼酱大魔王w,[]
神沢永莉,[]
秋和柯基,[]
絞肉姬Walküre,"['絞肉姬', 'Walkure', '絞肉姬 Walkure']"
花铃,[]
过期米线线喵,[]
阿包也是兔娘,['阿包']
阿半今天很开心,[]
Ain Nguyen,[]
Aliceholic13,[]
Byoru,[]
Genevieve,[]
Hidori Rose,['Hidori']
Jessica Nigri,[]
Kalinka Fox,[]
Kaya Huang,[]
Lada Lyumos,['Lada Lumos']
Mik Allen (miakanayuri),[]
nagisa魔物喵,[]
Natsuko夏夏子,[]
Octokuro,[]
Shirogane Sama,"['Shirogane', 'Shirogane-sama']"
Tsuki Desu,"['Tsuki Des', 'tsukides']"
Vinnegal,[]
こすっち,[]
半半子,[]
希尔薇,[]
星之迟迟Hoshilily,['星之迟迟']
沖田凜花Rinka,"['牛牛Niu', '沖田凛花', 'Okita Rinka', 'Rinka', '沖田凜花', '凛花', '沖田凜花 Rinka']"
渡边早季Saki,[]
蜜汁猫裘,[]
蠢沫沫,"['Chunmomo', '沫沫']"
轩萧学姐,[]
霜月Shimo,[]
Aery Tiefling,[]
Akemi101xoxo,[]
aki-Mori,[]
Alina Becker,[]
Azami,[]
Belle Delphine,[]
Candy Ball,[]
CarryKey,['Carry Key']
Caticornplay,[]
Elizabeth Rage,[]
Erotic Neko,[]
Frailu,[]
Hackee,[]
Hana Bunny,[]
Hane Ame 雨波,[]
HirariAnn,[]
Holly Wolf,[]
Hologana,[]
Imyuiichann,[]
Irina Meier,[]
Jang Joo,"['JangJoo', '장주', 'Isabella', '张珠妍']"
Jean Wanwan,[]
Kato,[]
Katyuska Moonfox,[]
KaYa 萱,"['kaya萱', '萱KaYa']"
Korpsekitten,[]
Lady Melamori,[]
Lana Rain,[]
Lenfried,"['Heru3', '绝对领域']"
Lovely Space Kitten,['LovelySpaceKitten']
Luxlo,[]
meenfox,[]
Megumi Koneko,[]
Meryl Sama,[]
Mikomin,[]
miko酱ww,[]
Misa米砂,[]
Nora Fawn,[]
Orange Maniac (Hozaki),[]
PeachMilky,[]
Poisonne,[]
PoppaChan,[]
Rin,[]
RocksyLight,[]
Rolyatistaylor,[]
Rusty Fawkes,[]
Sally Dorasnow,[]
sayo momo,[]
ShaeUnderscore,[]
ShiroKitsune,[]
Swimsuit Succubus,[]
Tina很妖孽呀,[]
Tiny Asa,"['アサ', 'asababy']"
Twoyun,[]
Umeko J,['UmekoJ']
Valentina Kryp,[]
Velvet,[]
Vixence,[]
Yoko宅夏Cos,[]
Yuriko Tiger,[]
Yuuforia,[]
Zirael Rem,[]
けん研（けんけん）,['けん研 (けんけん)']
一小央泽,[]
一笑芳香沁,"['ASmile 一笑芳香沁', 'ASmile', '阿笑']"
九曲jean,[]
九言,['阿九从不咕咕']
二佐Nisa,[]
于芷晴,[]
五更百鬼,[]
仙女月,[]
咬一口兔娘,"['Yiko湿润兔', 'Yiko', '湿润兔', '黏黏团子兔', '兔叽桃奈奈', '咬人小小兔']"
塔塔_Lo1iTa,[]
夏鸽鸽不想起床,[]
奈汐酱nice,[]
女主K,[]
小仓千代w,"['小倉ちよ', '霁月难逢', 'Kokura Chiyo', '小倉千代']"
嶋葵,[]
年年,"['年年nnian', 'Nnian']"
您的蛋蛋,['egg糕糕']
日奈娇,[]
星野咪兔,[]
桃良阿宅,['桃宅阿良']
楊衣Yangyi,[]
水淼Aqua,"['水淼', 'Aqua']"
洛璃LoLiSAMA,[]
浅安安,[]
爆机少女喵小吉,"['Nekokoyoshi', '喵小吉']"
爱老师 PhD,['爱老师']
理万姬,[]
神楽坂真冬,[]
西园寺南歌,[]
西瓜少女,"['西瓜murmure', '西呱呀呀呀']"
钛合金TITI,"['TI', '钛钛TiTi']"
阿雪雪,['小圆脸雪雪']
雪晴Astra,[]
雪琪SAMA,[]
雯妹不讲道理,[]
面饼仙儿,[]
香草喵露露,[]
魇恨恨,[]
Alice Delish,[]
Arty亚缇,[]
G44不会受伤,[]
KANEKO_咔喵,[]
KuukoW,[]
lMusicl,[]
Nonsummerjack,[]
rioko凉凉子,['凉凉子']
Tokar浵卡,['浵卡']
Toxis,[]
Vandych,[]
Victoria Lirell,[]
yuuhui玉汇,"['玉汇', 'Kokuhui', 'Yuuhui']"
ZinieQ,[]
ZziZzi,[]
九柒喵,[]
切切celia,[]
周叽是可爱兔兔,[]
封疆疆v,[]
小丁,"['Fantasy Factory', 'Fantasy Factory 小丁']"
屿鱼,['Yukako']
幼愛youmeko,[]
晕崽zz,['晕崽']
清水由乃,[]
皮皮奶可可爱了啦,[]
矢量鱼,[]
纸悦Etsu_ko,[]
羊大真人,[]
羽生三未,[]
胡桃猫Kurumineko,['胡桃猫']
虎森森,[]
贞子蜜桃,[]
阿薰kaOri,[]
Hattie,[]
Nymphahri,[]
疯猫ss,"['Fengmao', '疯猫', '疯了个猫']"
YanYan,[]
YeonYu,[]
一色雨,[]
清水凪,[]
萌白酱,[]
香草奶喵,[]
OwlLit,[]
艾西Aiwest,[]
WEEKLY,[]
啊日日,[]
小礼好困,[]
白莉爱吃巧克力,[]
77bandage,[]
AikoUwU,[]
Asagi Kawaii,[]
ATFM,[]
CatDemon喵崽,[]
Cheesewii,"['起司块wii', '起司块', 'Cheesewii (起司块wii)']"
Chengzimiao,"['橙子喵', 'Chengzimiaoj']"
DemiFairyTW,[]
DreamlikeUwU,[]
Hokunaimeko,[]
Inkyung (강인경),"['Inkyung', '姜仁京', '姜仁卿', 'Kang In-kyung', 'Inkyung（姜仁京', '인경']"
Joyce Lin2x,"['Joyce', 'Joyce Lin', 'Joyce (Joyce Lin2x)', 'Joyce Joyce Lin']"
Noa,['Jpcutegirlnoa']
Komachi,[]
KpKpR,"['Paaaajo1', 'KpKpR (Paaaajo1)']"
Miinmeow,[]
Minami,[]
Mizu,[]
Pyoncos,"['ピオン', 'Pyoncos (ピオン)', 'Pyon']"
Shika小鹿鹿,[]
soso嗖嗖,"['sosweetiii', '嗖嗖', 'soso嗖嗖 (sosweetiii)']"
Yamisung,[]
Yui Peachpie,[]
云溪溪,['Yunx1x1']
一北亦北,"['一北亦北 (Yi bei yi bei)', '亦南南南']"
三青叶子,['三青叶子 (San Qing Yezi)']
你的小狗,[]
小七,['小七 (Xiao Qi)']
小和甜酒,['xiaohetianjiu']
小悠yo,"['xiaoyou', '小悠', '小悠yo (xiaoyou)']"
小月,['小月 (Xiao yue)']
小瑶幺幺,"['xiaoyaoyaoyao', '小瑶']"
小蔡头喵喵喵,"['yuziqoq', '小蔡头喵喵喵 (yuziqoq)']"
小野猫 (Kiki),[]
少女映画,['少女映画 (Shojo eiga)']
恶龙刨削,[]
懒懒睡不醒,"['LanLanWink', '懒懒', '懒懒睡不醒 (LanLanWink)']"
是一只熊仔吗,"['Shi yi zhixiong zi ma', '熊仔', '是一只熊仔']"
Enthus1asmm,"['热', '热热', '热 (Enthus1asmm)']"
白栎Shirly,['BailiKoi']
筱田甜,"['小甜甜', '甜酱']"
米胡桃MeeHutao,['米胡桃']
落落Raku,['落落']
软萌兔兔酱,[]
铃木美咲,"['Misaki Suzuki', '美咲', '铃木美咲 (Misaki Suzuki)']"
阿呀被发现了Aya,[]
饼饼大王,['饼饼']
Pi_Cos,[]
Tiny,[]
51酱,[]
Miss Morgane,"['A. Nomaly', 'Lizbit', 'Genevieve', 'Rin']"
Adamae Dono,[]
Aelflaed,[]
AGflower,[]
Akichi,[]
Alcoholy,[]
Ale Tanooki,"['Nana Kirei', 'Ale Tanooki Nana Kirei']"
Aleksandra Bodler,"['Alexandra Bodler', 'Aleksandra Bodler Helen']"
Alice,[]
Amber Lust,[]
Amouranth,['Kaitlyn Siragusa']
Anago Tone,[]
Analia,[]
Angela G,[]
Angie Strelnikova,[]
Annchirisu,[]
Anne,[]
Aoy Queen,[]
Arabella Kat,[]
Ariadna Lobe,[]
Ashlynne Dae,[]
Atsuki,['Atsuki（あつき）']
Axilirator,[]
Azuki,[]
Azure,[]
Back_to_me,[]
Bambi,['밤비']
BANBANKO,[]
Bibi Nyan,[]
Busy B,[]
Cammy,[]
Candylion,[]
Chameleahn,['Leah']
Cherryneko,[]
Chihiro,[]
Chikuma,[]
Choi Ji Yun,[]
Christina Fink,[]
Cien恩恩,[]
Cmiiu,[]
Comonun,[]
Cymbaline,[]
Daisy Franky,[]
Dami,['Dami amond']
Dessyyc,"['Dessy', 'oxdessyxo']"
Devorah,[]
Digi Demon,[]
Echi Tornado,[]
Ecy,[]
Eira,['Eiraotis']
Elios,[]
eloise软软,[]
ElyEE子,[]
Enafox,[]
Ereshkigal,[]
Fel Velial,[]
Floradaria,[]
Fluffynemu,[]
Fox Tsai-Shen,[]
Foxygen,[]
Frau,[]
Fraulein Milk,[]
GAKI Aiko,[]
Generic_Egirl,[]
Ginger,[]
Giovanna Campomar,[]
Gogo,[]
Mizuki Mao,[]
Momo,[]
Haruka,[]
Haruka_175,[]
HedY,[]
Hika,['HK']
Hiko,[]
Himee,[]
Hinata,[]
Iced Grog,[]
Irisuare 愛莉,[]
Isha,[]
Izayoi Sakuya,"['十六夜咲夜', '咲夜', 'Sakuya']"
izumi泉桃子,[]
Jajutsu,[]
Jamong,[]
Jasmine Suzanna,[]
Jennifer,[]
Jeong Jenny (정제니),[]
Jyu San,[]
Kano Rika,[]
Katekey,[]
Katsuni,[]
Kawaii Fox,[]
kawaiikristy,[]
KawaiiQueen,[]
Kaya Nilson,[]
Kcioxan,[]
Kelly Jean,[]
KIMLEMON Yoko,[]
Kindra,[]
Kobaebeefboo,[]
Krouge,[]
Kyonatix,[]
KyrieFox,[]
Labinnak Mangoloo,[]
Lenore,[]
Liensue,[]
Liinowitsch,[]
Lil G,[]
Link,[]
Lisa Mancini,[]
Little shiie,[]
Liuna,[]
Loveless,[]
LoverNori,[]
Lukianova,[]
Lumi,[]
Lure,"['露儿大魔王', '露兒大魔王']"
Mae Lee,[]
Mamyouu,[]
猫九酱Sakura,"['Mao Jiu Jiang Sakura', '猫九酱', 'Mao Jiu Jiang Sakura (猫九酱Sakura)', 'Sakura']"
Maou Mo,[]
Maria Desu,[]
Mariigabii,[]
Marmalade,[]
Martina The Witch,[]
Maruemon,"['Maruemon (마루에몽)', '마루에몽', '丸卫门']"
masaki雅祈,[]
Mashiro_M,[]
Mashu,[]
Meggii Kohai,[]
Mercurygin,[]
Meriol chan,[]
Messie Huang,[]
Mikehouse,[]
Mimichan,[]
Mimmi (밈미),[]
Mimmissu,[]
Mimo,[]
明桃,"['MingTao', 'MingTao 明桃']"
Minichu,[]
MiraMioki,[]
Misaki Sai,[]
MisaKi,[]
Miya,[]
紫玥桃,"['Sakuramomo', '紫玥桃 Sakuramomo']"
Money冷冷,[]
Mono Xia,[]
Moondays,[]
Morgan Le Foy,[]
Morrigan Aensland,"['莫莉甘·安斯兰', '莫瑞甘']"
Mozzi,"['모찌', 'Mozzi 모찌']"
Nayma,[]
Neko薇薇,[]
Neppu,[]
Neyrodesu,[]
NinJA阿寨寨,"['阿寨寨', '寨寨']"
Nu Vi Ponyali,[]
Nyako,['Nyako喵子']
Okamiisaya,[]
Okita Soji Alter,"['冲田总司〔Alter〕', '冲田总司Alter']"
Oripiepie,[]
Otterother,[]
Owari,[]
PAKI酱,[]
Paya,[]
PingPing,[]
Poison,[]
prprDrop,['prprDrop’s']
Pure Media,[]
Purple Amelie,[]
PyonLay,[]
Q-ki,[]
Ravvcorn413,[]
Rei,[]
白夜凛音,"['Rinne', '白夜凛音（Rinne）']"
Rion Sakura,[]
Rissoft,[]
Rongrongzi,[]
Ruu Milk,"['Ruu Matsutani', '松谷るう', 'Ruu Milk (Ruu Matsutani)']"
Ryuko Matoi,[]
Saint Photolife Yoko,"['baekyoko', 'Yoko Tattoo']"
Sandy Bell,"['Sandy BellGinger', 'Ginger']"
Saya Fox,['Saya The Fox']
Saya Scarlet,[]
SayoMomo,[]
Seele麦麦,[]
Shannyn Visceral,['Miss Morgane']
Sharkparty,[]
Shermie,[]
白城メイコ,['Shiraki Meiko']
Smoettii,[]
Soa Lianna,[]
SonSon,"['손손', 'SonSon (손손)', 'Sonson（손손）']"
sophia_kotokoyo,[]
Sushii Xhyvette,[]
Suze,"['Suze.net', 'すずら']"
Sweet sweetS,[]
SYR,[]
Takanashi Hanari,"['小鳥遊花梨', '花梨ちゃん']"
tenletters,[]
Tiffany Gordon,[]
Truewolfy,[]
Uhye (이유혜),[]
Ulichan,[]
Uri,[]
Valery Rivas,[]
VCKCV,['VCKCV-PROJECT']
Vixena Siren,[]
Waifu Korra,[]
Bakamomo,['Welfare Bakamomo']
Whitespring,[]
百合欧皇子,['w百合欧皇子w']
Yuna (유나),[]
Yura,[]
Yuzupyon,"['柚皮恩', 'ゆずぴょん', 'Yuzu Pyon']"
Zackycha,[]
Zephyr Cat,[]
Zia,"['지아', 'Zia (지아)']"
Zorah,[]
Zyra秋,['Zaya秋']
天ノ川めるる,['えびちり☆帝國']
Sachimonsoon,"['さちぶどう', 'さち', 'さちぶどう Alternative']"
Sanatsun,"['さなつん', 'つんちぇりーず', 'サナライブ']"
Tia Kira,"['てぃあきら', 'ティアキラサマー']"
なぎさMK-02,['なぎさなぎ']
Rizuna,"['りずな', 'りずな Monjoie!']"
Arya Marie Rose,"['アリア', 'Arya']"
Vertex Elf Village,['ヴェルテクス エルフ村']
うさ吉,"['Usakichi', 'うさ吉（BACCHUS）']"
ゴスロリラバーROM,[]
noa_R,[]
Fischl,['フィッシュル fischl']
momorina,"['モモリナ', '桃梨奈', 'モモリナ (momorina)']"
一之濑明日奈,[]
一只肉酱阿,[]
三刀刀miido,"['miidoo酱', '三刀刀miidoo']"
三無人型,[]
上杉绘梨落,[]
不二子,[]
亞緹Arty,[]
企业,[]
伊喵君_Nya,"['伊喵君', 'Nya']"
会有妻,[]
兔女郎,[]
兔胖胖,[]
六味帝皇酱,[]
冬马路纱,['Luisa零纱']
凛子酱,[]
刺青Poi,[]
加贺,[]
北乃芽子,['北奈目子']
十万珍吱伏特,[]
千反田鹿子,"['星黛鹿鹿', '星黛鹿鹿i']"
千煌弑夜,[]
隼隼子,[]
卡提希娅,[]
可可老师,[]
喜欢爱理吗,[]
喜茶苍苍子,[]
夏小秋秋秋,[]
奇行家狗崽,['棕桠阿狗崽']
奈奈同学,[]
奈奈紀,[]
奶文文,[]
奶桃,[]
如月灰,['KisaragiAsh']
婉Yue,[]
密封线RYOMKY,['翰耐 拉姆']
小琪-Aki,[]
尤妮,[]
屑雪雪鸭,[]
山崎雷纳,[]
幼水铃衣,['赛高淋酱']
徐徐,[]
惠理子,[]
愛先生PhD,['愛先生']
懂小姐,[]
无颜小天使wy,"['无颜', '小天使wy', '自闭颜球球']"
星野柒兔,"['呆米米', '刺猬小姐']"
曉美媽,[]
木之本澜,[]
末夜787,[]
柒柒要乖哦,['柒柒要乖额']
柴郡,[]
核酸酱,[]
桜満三時,"['桜满三时', '樱满三时']"
椒盐酱虾仁,[]
橙风千雅,[]
清水,[]
溯兮sukki,[]
炭烤莉莉黑,[]
焖焖炭,[]
爱丽丝,[]
玹子Ayako,[]
珟_珏Dita,[]
瓜希酱,[]
安希,"['甜心幫ღ安希', '甜心帮安希']"
疯喵ss,[]
白金Saki,[]
索索,[]
索索sophia,[]
美月,[]
肃雨雨雨,"['阿黛尔', '亚德']"
芙莉莲,[]
芝心蛋奶烧,[]
花京院腥鱼,[]
苏苏苏Sofia,[]
草莓羽衣,[]
菲伦,[]
藏森林,[]
蜜蜜子Kimmie,[]
衣衣,[]
解压失败,[]
醉宮 Yomiya,[]
鈴鈴Yakira,"['铃铃Yakira', '铃龄Yakira']"
铁板烧鬼舞w,[]
阮邑_Fairy,[]
阿乌拉,['Aura']
阿呀,[]
零崎沙耶,[]
雷根斯堡,[]
音琴ひつじ,"['音琴羊', '音琴Hitsuji', 'Otona Hitsuji']"
风之领域,[]
鬼姬Oni Hime,"['鬼姬', 'Oni Hime']"
鬼畜瑶,"['鬼畜瑶在不在', '鬼畜瑶在不在w', '在不在w']"
鳗鱼霏儿,['ManU鳗鱼霏儿']
鳗鱼霏子,[]
鹿八岁,[]
黑皮蜜蜂,[]
花园多惠,[]
樱梨梨Eriri,['樱梨梨']
AT鲨,"['AT鯊', 'ET鲨', 'BT鯊', '韩雅婷']"
宋美奈,"['송민아', 'Song Min-a', 'Song Mina', 'Mina']"
Friya,[]
菌烨tako,['takomayuyi']
妍子,[]
橙子喵酱,[]
万年萝莉,[]
林扣弦,['是扣弦咯']
A-mu,[]
朱可儿,[]
Tsubaki,[]
Big Toys,[]
Billyhhyb,[]
Black Cat D.va,[]
Chizu,[]
藍芽みずき,[]
坂道みる,[]
Bomi,"['Bomi（보미', 'Bimilstory Bomi', '보미']"
Son Ye-Eun,"['Son Ye-Eun (손예은)', 'Son Ye-Eun（손예은', 'Son Ye Eun', 'Son Ye Eun（孙艺恩', '孙乐乐', '孫樂樂', '손예은', 'YEEUN']"
Fans66,"['Nyan chan', '喵酱']"
Giulia Wylde,['Giulia Wylde Fun']
涼森れむ,"['Remu Suzumori', '涼森玲夢']"
Guilty Dolls（ぎるてぃどーるず）,"['死体ちゃん', '死体酱']"
halfT_Shirt,[]
Ino Pack,[]
阿黎,[]
璃奈酱,[]
Kinako,[]
Meiilyn,['yuumeilyn']
Lena Anderson,['Lioren']
MiiTao蜜桃社,"['蜜桃社', 'MiiTao']"
Nagisa 魔物喵,"['魔物喵', 'Nagisa']"
鹿野希,['Nozomi']
梓ヒカリ,"['Reimu Azusa Hikari', 'Reimu Azusa', '梓光']"
七ツ森りり,"['Riri Nanatsumori', '七森りり', 'Riri Nanatsumori 七ツ森りり', 'Riri']"
Kiyo,[]
从从从从鸾,[]
Tunlita,[]
小恩,[]
晞可,[]
Yeha,['예하']
Yomi,[]
优优mi,['yo优优mi']
一只云烧,[]
一只小栗奈,[]
一米八大梨子,"['大梨子', '一米八的大梨子', '大梨子不是御姐']"
二阶堂,['宅绘子']
以理服人藜藜子,"['藜藜子', '以理服人']"
你十七鸽,[]
佳佳好难啊,[]
北川瑶,[]
十七,[]
团子少女,[]
大大卷卷小卷,[]
奶肌酱,[]
婕哥,[]
小何童鞋,[]
小女巫露娜,"['柠檬海盐', 'Luna']"
小泽,[]
小满,[]
尤猫醒醒,[]
张筱雨,[]
徐若瑄 Vivian Hsu,[]
念念_D,[]
悠宝三岁,[]
惡犬小姐姐,[]
李佳,[]
村上西瓜,[]
林书辞,[]
果咩酱w,[]
樂樂Lele,[]
沈梦瑶,[]
洛美,[]
湖里狸,['湖里狸里狸']
王胜利,[]
破神,[]
禅院熏,['禅院薰']
赤西夜夜,[]
樋口可南子,[]
高冈早纪,[]
见希w,[]
喵喵梓,[]
艾昔,['aixilove']
萌芽儿,[]
葉月つばさ,"['Hazuki Tsubasa', '葉月翼']"
蕾丝兔宝宝,[]
许岚,['许岚LAN']
轰趴猫,[]
迷之呆梨,['发条少女']
逐月Su,"['枸名', 'gomin', '马芷芛']"
鈴木美咲,[]
阿朱,['就是阿朱啊']
雨波HaneAme,"['雨波', 'HaneAme', '神必女人— HaneAme']"
青山知可子,['Chikako Aoyama']
青青子Js,[]
高桥千凛,['樱岛尤凛']
魔法少女小柠檬,[]
鹿初,"['鹿初 (Shika-hatsu)', 'Shika-hatsu']"
麻花酱,"['麻花麻花酱w', '麻花麻花酱']"
黄金二逼王,[]
齋齋いつき,"['齋齋 いつき', 'itsukichan']"
Yeon Woo,"['YeonWoo', 'YeonWoo（연우', 'Yeon Woo (연우)', '연우', '李研雨', '李妍雨', '延宇']"
黑白御猫,[]
Asagiriai（愛ちゃん）,"['Asagiriai', 'あいちゃん', '愛ちゃん', 'あさぎりあい']"
妍子坚不可摧,['妍子无所畏惧']
谢小蒽,['幼幼']
Addielyn,"['에디린', 'Addielyn (에디린)', 'Monthly Addielyn', 'Addielyn에디린']"
えびみりん,"['mirinnebi', 'えびみりん (mirinnebi)']"
くろてぃあ,"['くろ', 'くろてぃあ (くろ)']"
ニラざんまい,['ニラ']
つぐつぐ,['真中つぐ']
けんけん,"['けん研', 'KenKen']"
とみこ,"['とみコレ', 'Tomiko', 'とみコレ (とみこ)']"
天使みゅ,"['しゅがー＊みゅく', 'Tenshi Myu', 'Amatsuka Miyu']"
なを。,[]
みみふぁーむ,"['おみみ', 'おみみ (Omimi)', 'Omimi']"
シスル,[]
YaoyaoQwQ,[]
Siamh,[]
蜀黍纾纾,[]
Miyana咪呀,[]
抖娘,[]
利世,[]
夏夏なっちゃん,[]
Sayuri,[]
candy_balll,[]
Ashen Reina,[]
Lady Alexandria,[]
柚木,"['柚木Yuzuki', 'yuzuki']"
wink是可爱的wink,[]
樱晚gigi,[]
稚乖画册,['柴系小乖']
銘銘Kizami,"['铭铭大魔王', '大魔王kizami']"
北見えり,"['きたえり', 'Eri Kitami']"
DanielleCosplay,['Danielle Cosplay']
脱神CHOKmoson,"['脱神', 'CHOKmoson']"
みやこどんぶり,"['みやこりお', 'Miyako Donburi', 'Rio Miyako']"
Naimi 奶咪,[]
流出,[]
Saber,[]
散图,[]
傲娇萌萌,[]
Lenai,[]
Devil,[]
阳布布鸭,[]
Shimo Emilia,[]
Celestine,[]
yor,[]
yumekojabani,[]
JVID WenHsin 玟妡,[]
Original set,[]
激凸,[]
WILD,[]
唔乃可爱之神,[]
